gap_id,asset_id_or_modality,gap_type,evidence_state,search_boundary,decision_impact,resolution_action,reverification_trigger,owner_issue,priority
JHA-144-GAP-001,A010,current_sponsor_status,not_found,"Escugen English pipeline and news pages plus NCT07375524 checked through 2026-10-04","Cannot distinguish a registry-listed planned Phase 2 from an operationally active Sjögren program","Obtain a dated Escugen disclosure confirming first-patient-in or active enrollment",Sponsor disclosure or registry status change,JHA-154,high
JHA-144-GAP-002,"A014-A018",product_identity_and_ownership,not_reported,"Current ClinicalTrials.gov records for five Sjögren-eligible cell-therapy studies","Prevents reliable company-level competitive attribution and manufacturing comparison","Resolve construct code, cell source, legal sponsor, manufacturer and IP owner from protocol or sponsor disclosure",Protocol posting or sponsor/manufacturer disclosure,"JHA-156; JHA-157",high
JHA-144-GAP-003,A019,current_program_status,not_found,"NCT06361745 and public PersonGen materials checked through cutoff","Unknown status could otherwise be mistaken for an active direct competitor","Confirm whether enrollment occurred and whether UTAA09 remains in development",Registry update or dated PersonGen disclosure,JHA-156,high
JHA-144-GAP-004,A013,component_attribution,not_evaluable,"AlloNK plus rituximab is a combination regimen without a Sjögren rituximab-only randomized contribution analysis in the checked sources","Depth and clinical response cannot be attributed to AlloNK rather than rituximab or regimen effects","Extract cohort design, conditioning, comparator and cellular pharmacodynamic data; label regimen-level conclusions only",Peer-reviewed cohort publication or controlled contribution analysis,JHA-155,high
JHA-144-GAP-005,"A011-A013; A032-A034",cross_TCE_depletion_comparability,not_reported,"Sponsor and registry records reviewed; assay-level cross-program data not consistently reported","Prevents comparison of depletion depth, CRS burden, dosing controllability and tissue reach","Create a normalized CD19/CD20/BCMA TCE table with assay floor, dosing, CRS mitigation and redosing fields",First Sjögren or adjacent cohort dataset with cellular kinetics,JHA-159,high
JHA-144-GAP-006,"A014-A019; A026-A031",tissue_reach,not_studied,"Current public program summaries and registry outcomes checked","Blood B-cell depletion cannot establish salivary-gland, lymphoid or marrow clearance","Look for paired gland, node or marrow measurements and code absent compartments using D-T-O-R rules",Biopsy or cell-resolved tissue dataset,"JHA-156; JHA-157; JHA-158",high
JHA-144-GAP-007,"A014-A019; A026-A031",post_reconstitution_durability,not_evaluable,"Available early studies have immature or incompletely reported follow-up after B-cell return","Prevents classification as immune reset and weakens durability comparison","Capture last dose, CAR persistence, B-cell return, background therapy and at least 6 months of post-return follow-up",Mature follow-up after documented B-cell reconstitution,"JHA-156; JHA-157; JHA-158",high
JHA-144-GAP-008,"A004; A005; A008",FcRn_class_differentiation,not_evaluable,"Three active FcRn programs identified but trial populations, endpoints, dosing and IgG kinetics are not yet normalized","Class crowding and likely positioning cannot be compared defensibly","Build head-to-head field-normalized table and separate systemic-activity from high-symptom populations",Phase 3 readout or protocol/result update,JHA-161,high
JHA-144-GAP-009,"A001-A009",regulatory_timing,not_reported,"Sponsor releases and registries checked through cutoff","Near-term market-entry order remains uncertain even where trials succeeded","Record submission acceptance, review designation, filing geography and target decision date only when publicly disclosed",Regulatory filing acceptance or agency decision,JHA-163,medium
JHA-144-GAP-010,A022,current_sjogren_intent,not_found,"Novartis current pipeline/news and completed TWINSS records checked","A completed positive-looking study could be misread as an active indication program","Seek dated Novartis confirmation of advance, pause or discontinuation; retain unclear until then",Sponsor pipeline update or new study,JHA-161,medium
JHA-144-GAP-011,A024,termination_reason,not_reported,"NCT04988087 record history and current sponsor materials checked","Mechanism and trial-design implications cannot be assigned without the stated reason","Retrieve final registry history, results or sponsor disclosure identifying why the study stopped",Results posting or sponsor explanation,JHA-161,medium
JHA-144-GAP-012,A025,mechanistic_failure_interpretation,not_evaluable,"Registry reports predefined futility but no complete result set was located","Futility cannot be attributed to FLT3L biology, dose, population or endpoint design","Obtain protocol, futility rule and results before drawing pathway conclusions",Results posting or peer-reviewed publication,JHA-161,high
JHA-144-GAP-013,"A033-A034",trial_identifiers,not_found,"Candid transaction filings and public pipeline materials checked","Exact cohorts, dose schedules and recruitment status cannot be independently verified","Map every Candid autoimmune TCE asset to registry and country identifiers",Sponsor trial page or registry identifier,JHA-159,medium
JHA-144-GAP-014,A035,sjogren_program_status,not_found,"Direct refractory-Sjögren case report and adjacent SLE trial checked; no sponsor-led Sjögren program found","Case-level efficacy could be overread as a development program","Keep case evidence separate and monitor for sponsor or investigator trial initiation",New registered interventional Sjögren trial,JHA-162,medium
JHA-144-GAP-015,A036,sjogren_transferability,not_studied,"Takeda pipeline checked; active programs are ITP and IgA nephropathy, not Sjögren","Anti-CD38 competitive relevance is mechanistic/adjacent only","Define which Sjögren plasma-cell phenotype and safety threshold would justify direct development",Sjögren trial or translational study with cell-resolved plasma-cell measures,JHA-162,medium
JHA-144-GAP-016,universe_wide,broader_non_reset_competitors,not_found,"JHA-144 focused on B-cell reset, close pathway competitors and modality anchors","May omit systemic mechanisms that alter market entry or patient positioning","Complete FcRn, CD40/CD40L and other systemic comparator sweep including non-B-cell mechanisms",JHA-161 completion,JHA-161,high
JHA-144-GAP-017,universe_wide,global_trial_registry_coverage,not_evaluable,"ClinicalTrials.gov and selected sponsor/regional records checked; WHO ICTRP, ChiCTR and all CTIS histories were not exhaustively reconciled","China/EU-only programs or status changes may be missed","Reconcile every included trial against CTIS, ChiCTR and sponsor protocol numbers; deduplicate by protocol",Before final competitive landscape release,JHA-172,medium
JHA-144-GAP-018,universe_wide,post_cutoff_changes,not_applicable,"Baseline cutoff is 2026-10-04","Fast-moving field can make a correct baseline stale","Do not alter baseline silently; log post-cutoff updates in the catalyst watchlist",Any disclosure after 2026-10-04,JHA-163,high
JHA-144-GAP-019,A026; A027; A036; A037,current_adjacent_registry_activity,not_found,Existing JHA-144 sponsor sources and trial mappings audited against the status protocol; no new post-cutoff source search,Sponsor-reported adjacent development cannot enter verified-active competitor counts without current registry corroboration,Resolve exact adjacent trial identifiers and dated registry activity for each asset; retain adjacent_activity_unconfirmed until corroborated,Current adjacent registry record or sponsor trial page identifying its status,JHA-156; JHA-162,high
