asset_id,canonical_asset,aliases,developer,partner_or_rights_holder,target_or_pathway,modality,universe_role,sjogren_directness,sjogren_stage,adjacent_autoimmune_stage,program_status,status_as_of,status_confidence,trial_ids,geography,inclusion_rationale,primary_status_source,registry_source,notes
A001,ianalumab,VAY736,Novartis,"originated with MorphoSys; acquired by Novartis",BAFF-R,"depleting and receptor-blocking monoclonal antibody",direct_late_stage,sjogren_direct,"Phase 3 completed; extension active; new Phase 3 recruiting",Phase 3 in other autoimmune indications,completed_advancing,2026-10-04,high,"NCT02962895; NCT05350072; NCT05349214; NCT05985915; NCT07621809",global,"Late-stage direct B-cell-pathway benchmark and potential near-term entrant",https://www.novartis.com/news/media-releases/novartis-ianalumab-receives-fda-breakthrough-therapy-designation-sjogrens-disease,https://clinicaltrials.gov/study/NCT05350072,"Sponsor confirmed both pivotal trials met their primary endpoint and a 2026 FDA Breakthrough Therapy designation; not yet treated as approved."
A002,telitacicept,RC18,"RemeGen; Vor Bio",Vor Bio holds rights outside Greater China,BAFF and APRIL,TACI-Fc fusion protein,direct_late_stage,sjogren_direct,"Approved in China; global Phase 3 recruiting",Approved or late stage in several autoimmune indications,approved_geography_specific,2026-10-04,high,"NCT05673993; NCT07404865",China and global,"Geography-specific first approval and global BAFF/APRIL competitive benchmark",https://ir.vorbio.com/news-releases/news-release-details/telitacicept-receives-nmpa-approval-treatment-sjogrens-disease,https://clinicaltrials.gov/study/NCT07404865,"China approval is not generalized to the US or EU5; global program is separately confirmed active."
A003,dazodalibep,"AMG 611; VIB4920; HZN-4920",Amgen,"acquired with Horizon; originated at Viela",CD40L,CD40L-antagonist fusion protein,direct_late_stage,sjogren_direct,"Phase 3 OASIZ 301 completed; OASIZ 303 active; extension active",not_applicable,completed_advancing,2026-10-04,high,"NCT04129164; NCT06104124; NCT06245408; NCT06747949",global,"Late-stage nondepleting B/T-cell costimulation comparator with positive sponsor-reported Phase 3 result",https://www.amgen.com/newsroom/press-releases/2026/09/amgen-announces-positive-topline-phase-3-results-for-dazodalibep-in-moderatetosevere-systemic-sjgrens-disease,https://clinicaltrials.gov/study/NCT06245408,"Topline efficacy remains company interpretation until full results are independently assessed."
A004,nipocalimab,IMAAVY,Johnson & Johnson,not_applicable,FcRn,FcRn-blocking monoclonal antibody,direct_late_stage,sjogren_direct,"Phase 2 completed; Phase 3 active",Approved in generalized myasthenia gravis,confirmed_active,2026-10-04,high,"NCT04968912; NCT06741969",global,"Phase 3 direct competitor that lowers circulating IgG rather than depleting B cells",https://www.jnj.com/media-center/press-releases/johnson-johnson-presents-new-data-further-reinforcing-the-role-of-nipocalimab-in-lowering-the-autoantibodies-driving-sjogrens-disease,https://clinicaltrials.jnj.com/en/study-detail/NCT06741969,"Active status is sponsor-confirmed; mechanism is a functional comparator rather than biological reset evidence."
A005,efgartigimod,"efgartigimod PH20 SC; VYVGART Hytrulo",argenx,not_applicable,FcRn,Fc fragment / FcRn blocker,direct_late_stage,sjogren_direct,"Phase 2 completed; Phase 3 UNITY active",Approved or registrational in other IgG-mediated autoimmune indications,confirmed_active,2026-10-04,high,"NCT05817669; NCT06203457; NCT06684847",global,"Second advanced FcRn comparator with direct Sjögren evidence",https://argenx.com/news/2026/press-release-3331862.html,https://clinicaltrials.gov/study/NCT06684847,"Sponsor reports UNITY topline expected in the second half of 2027."
A006,deucravacitinib,"BMS-986165; SOTYKTU",Bristol Myers Squibb,not_applicable,TYK2,oral allosteric TYK2 inhibitor,direct_late_stage,sjogren_direct,Phase 3 active,Approved in psoriasis and active in other immune diseases,confirmed_active,2026-10-04,high,NCT05946941,global,"Oral nondepleting systemic competitor that could change treatment sequencing",https://www.bms.com/research-and-development/pipeline.html,https://clinicaltrials.gov/study/NCT05946941,"Registry was active-not-recruiting with last update 2026-04-01; sponsor pipeline lists Sjögren Phase 3 in progress."
A007,sibeprenlimab,VIS649,"Otsuka; Visterra",Otsuka,APRIL,anti-APRIL monoclonal antibody,direct_mid_stage,sjogren_direct,Phase 2 active,Phase 3 or approved-path development in IgA nephropathy,confirmed_active,2026-10-04,high,NCT06928142,global,"Direct plasma-cell-survival-pathway comparator that may affect antibody-secreting-cell biology",https://trials.otsuka-us.com/trials/417-201-00042,https://clinicaltrials.gov/study/NCT06928142,"Otsuka trial page describes the study as ongoing; registry status was active-not-recruiting."
A008,imeroprubart,IMVT-1402,Immunovant,"Roivant group",FcRn,FcRn-blocking monoclonal antibody,direct_mid_stage,sjogren_direct,Phase 2b active,Potentially registrational studies in multiple autoimmune diseases,confirmed_active,2026-10-04,high,NCT06979531,global,"Third FcRn entrant; current sponsor disclosure prevents treating the registry as the sole activity signal",https://www.immunovant.com/investors/news-events/press-releases/detail/85/immunovant-provides-corporate-updates-and-reports-financial,https://clinicaltrials.gov/study/NCT06979531,"Sponsor stated Sjögren study was ongoing in August 2026."
A009,IBI355,"SP001; IBI-355",Innovent Biologics,Spero Therapeutics holds ex-China development rights,CD40L,Fc-silent anti-CD40L monoclonal antibody,direct_early_stage,sjogren_direct,"Phase 1 completed; China Phase 2 planned/not yet recruiting",Phase 2-ready in IgG4-related disease,completed_advancing,2026-10-04,moderate,"NCT06484855; NCT07836660",China and ex-China,"Direct CD40L competitor and transaction signal; phase transition requires re-verification",https://www.sec.gov/Archives/edgar/data/1701108/000119312526302473/d320658dex991.htm,https://clinicaltrials.gov/study/NCT06484855,"The completed Phase 1 and July 2026 license are verified; the new Phase 2 record was not used alone to call active dosing."
A010,ESG206,not_reported,Shanghai Escugen Biotechnology,not_reported,BAFF-R,glycoengineered anti-BAFF-R monoclonal antibody,direct_early_stage,sjogren_direct,Phase 2 not yet recruiting,Phase 1/2 in immune thrombocytopenia,planned_not_started,2026-10-04,low,NCT07375524,China,Direct BAFF-R depletion challenger that could become decision-relevant if dosing begins,https://www.escugen.com.cn/en/pipeline/dankangyaowu,https://clinicaltrials.gov/study/NCT07375524,Sponsor site confirms the asset and target but no dated sponsor disclosure confirming the Sjögren study start was found.
A011,CLN-978,not_reported,Cullinan Therapeutics,"licensed from or partnered with Genrix Bio for relevant rights",CD19xCD3,subcutaneous bispecific T-cell engager,direct_early_stage,sjogren_direct,Phase 1b recruiting,Phase 1 in rheumatoid arthritis and lupus,confirmed_active,2026-10-04,high,NCT07041099,global,"First sponsor-confirmed direct CD19 T-cell-engager program in Sjögren",https://cullinantherapeutics.com/science/pipeline/,https://clinicaltrials.gov/study/NCT07041099,"Sponsor pipeline identifies a global Phase 1 Sjögren trial."
A012,CND319,not_reported,Candid Therapeutics,not_applicable,"CD19xCD20xCD3",trispecific T-cell engager,direct_early_stage,sjogren_direct,"Phase 1 recruiting with Sjögren cohort",Preclinical and Phase 1 across rheumatic diseases,confirmed_active,2026-10-04,moderate,NCT07712939,Australia,"Dual B-cell-target TCE may change depletion breadth and controllability",https://www.sec.gov/Archives/edgar/data/1739410/000119312526084444/d108429dex993.htm,https://clinicaltrials.gov/study/NCT07712939,"Registry record was synced 2026-10-02; early status and cohort opening require near-term re-check."
A013,AlloNK plus rituximab,"AB-101 plus rituximab; AlloNK",Artiva Biotherapeutics,not_applicable,"CD20 via rituximab with NK-cell ADCC enhancement","allogeneic non-engineered cord-blood NK-cell regimen",direct_early_stage,sjogren_direct,Phase 2a basket recruiting,Phase 2 and Phase 3 planning in other rheumatic diseases,confirmed_active,2026-10-04,high,NCT06991114,US and global,"Only direct off-the-shelf NK plus anti-CD20 regimen with sponsor-reported Sjögren data",https://investors.artivabio.com/News-and-Events/news/news-details/2026/Artiva-Biotherapeutics-Highlights-Updated-AlloNK-Data-in-Sjgren-Disease-Presented-at-the-17th-International-Symposium-on-Sjgrens-Disease-ISSjD-2026/default.aspx,https://clinicaltrials.gov/study/NCT06991114,"Combination attribution remains unresolved; sponsor efficacy claims are not treated as independent facts."
A014,Bioheng CD19 or CD19-BCMA CAR-T,not_reported,Nanjing Bioheng Biotech,not_reported,"CD19 or CD19/BCMA",autologous or unspecified CAR-T trial regimen,direct_trial_bound,sjogren_direct,Early Phase 1 recruiting,Other refractory autoimmune diseases,registry_active_unconfirmed,2026-10-04,low,NCT06548607,China,"Direct trial includes Sjögren and tests B-cell versus dual B/plasma-cell targeting",https://clinicaltrials.gov/study/NCT06548607,https://clinicaltrials.gov/study/NCT06548607,"Cell source and stable product identity require source-level confirmation."
A015,RD06-05 CAR-T,not_reported,Nanjing Bioheng Biotech,not_reported,CD19/BCMA,universal CAR-T,direct_trial_bound,sjogren_direct,Early Phase 1 not yet recruiting,Other refractory autoimmune diseases,planned_not_started,2026-10-04,low,NCT07596680,China,Direct off-the-shelf dual-target trial could test scalable B/plasma-cell depletion,https://clinicaltrials.gov/study/NCT07596680,https://clinicaltrials.gov/study/NCT07596680,No dated sponsor confirmation of cohort opening was found.
A016,universal anti-CD19 CAR-gamma-delta-T,not_reported,Peking University Third Hospital,not_reported,CD19,allogeneic or universal CAR-gamma-delta-T,direct_trial_bound,sjogren_direct,Phase 1/2 recruiting,Other refractory autoimmune diseases,registry_active_unconfirmed,2026-10-04,low,NCT06828042,China,"Direct alternative allogeneic-cell architecture with a Sjögren cohort",https://clinicaltrials.gov/study/NCT06828042,https://clinicaltrials.gov/study/NCT06828042,"Investigator-led registry record; manufacturing owner and product code not reported."
A017,OL-CD19-GDT,not_reported,"Beijing GoBroad Hospital; listed study collaborators not fully resolved",not_reported,CD19,CAR-gamma-delta-T,direct_trial_bound,sjogren_direct,Phase 1 recruiting,Other refractory autoimmune diseases,registry_active_unconfirmed,2026-10-04,low,NCT07167537,China,"Direct gamma-delta CAR-T program with primary Sjögren eligibility",https://clinicaltrials.gov/study/NCT07167537,https://clinicaltrials.gov/study/NCT07167537,"Sponsor-company ownership and construct provenance are evidence gaps."
A018,anti-CD19 IL-10/IL-15 CAR-NK,not_reported,"Second Affiliated Hospital of Zhejiang University",not_reported,CD19,cytokine-armored CAR-NK,direct_trial_bound,sjogren_direct,Exploratory study recruiting,Other refractory autoimmune diseases,registry_active_unconfirmed,2026-10-04,low,NCT06614270,China,"Direct CAR-NK comparator may inform persistence and off-the-shelf delivery",https://clinicaltrials.gov/study/NCT06614270,https://clinicaltrials.gov/study/NCT06614270,"Registry lists no conventional phase; sponsor and manufacturing chain are unresolved."
A019,UTAA09,not_reported,PersonGen BioTherapeutics,not_reported,CD19,CAR-T,direct_trial_bound,sjogren_direct,Registry status unknown; planned completion 2025,Other refractory autoimmune diseases,unknown_stale_registry,2026-10-04,low,NCT06361745,China,Direct Sjögren-eligible program retained to avoid false whitespace,https://clinicaltrials.gov/study/NCT06361745,https://clinicaltrials.gov/study/NCT06361745,Stale/unknown registry status is explicitly not treated as active. Planned completion is not verified completion.
A020,rituximab,"MabThera; Rituxan",Roche and Biogen,"multiple marketed biosimilar sponsors",CD20,anti-CD20 monoclonal antibody,historical_benchmark,sjogren_direct,"Multiple completed Sjögren trials; no approved Sjögren indication",Marketed in other diseases,completed_status_unclear,2026-10-04,high,"NCT00101829; NCT00363350; NCT00740948",global,"Conventional depletion benchmark and component of newer combination regimens",https://clinicaltrials.gov/study/NCT00740948,https://clinicaltrials.gov/study/NCT00740948,"Market availability in other indications does not establish a current sponsor-led Sjögren program."
A021,belimumab plus rituximab,"Benlysta plus rituximab",GSK,not_applicable,"BAFF plus CD20",sequential biologic combination,historical_benchmark,sjogren_direct,Phase 2 completed,Active/marketed components in lupus,completed_status_unclear,2026-10-04,moderate,NCT02631538,global,"Tests whether BAFF blockade can modify post-rituximab B-cell return",https://clinicaltrials.gov/study/NCT02631538,https://clinicaltrials.gov/study/NCT02631538,"No current GSK Sjögren development commitment was found."
A022,iscalimab,CFZ533,Novartis,not_applicable,CD40,anti-CD40 monoclonal antibody,historical_direct,sjogren_direct,"Phase 2b and extension completed",Development reported in transplant settings,completed_status_unclear,2026-10-04,moderate,"NCT03905525; NCT04541589",global,"Direct costimulation comparator with published Phase 2b data",https://pubmed.ncbi.nlm.nih.gov/39096929/,https://clinicaltrials.gov/study/NCT03905525,"Current indication-level sponsor intent was not found; completion is not labeled discontinuation."
A023,remibrutinib,LOU064,Novartis,not_applicable,BTK,oral covalent BTK inhibitor,historical_direct,sjogren_direct,Phase 2 terminated,Active or approved-path development in other indications,terminated,2026-10-04,high,NCT04035668,global,"Direct BTK benchmark with mixed objective and patient-reported findings",https://pmc.ncbi.nlm.nih.gov/articles/PMC10894844/,https://clinicaltrials.gov/study/NCT04035668,"Trial termination followed sponsor decision not to enter Part 2; this does not imply the molecule was discontinued globally."
A024,MHV370,not_reported,Novartis,not_applicable,TLR7/8,oral TLR7/8 inhibitor,historical_direct,sjogren_direct,Phase 2 terminated,not_reported,terminated,2026-10-04,high,NCT04988087,global,"Direct terminated innate/B-cell-pathway program retained as a negative development signal",https://clinicaltrials.gov/study/NCT04988087,https://clinicaltrials.gov/study/NCT04988087,"Termination reason was not verified and is left not reported."
A025,adezkibart,"HZN-1116; AMG 329",Amgen,"acquired with Horizon",FLT3L,anti-FLT3L monoclonal antibody,historical_direct,sjogren_direct,Phase 2 terminated,not_reported,terminated,2026-10-04,high,NCT06312020,global,"Recent direct futility stop is relevant to pathway and trial-design risk",https://clinicaltrials.gov/study/NCT06312020,https://clinicaltrials.gov/study/NCT06312020,"Registry reports sponsor termination after predefined futility criteria."
A026,mivocabtagene autoleucel,miv-cel; KYV-101,Kyverna Therapeutics,not_applicable,CD19,autologous CAR-T,adjacent_modality_anchor,adjacent_autoimmune,No Sjögren program confirmed,Phase 1/2 in refractory autoimmune diseases,adjacent_activity_unconfirmed,2026-10-04,low,not_applicable,US and Europe,Autologous CD19 CAR-T benchmark for depth and durability transfer questions,https://ir.kyvernatx.com/news-releases/news-release-details/kyverna-therapeutics-highlights-updated-miv-cel-data-eular,not_applicable,Adjacent evidence is indirect for Sjögren and cannot establish efficacy or reset. Current adjacent registry activity is not verified in this package; excluded from verified-active counts.
A027,resecabtagene autoleucel,rese-cel; CABA-201,Cabaletta Bio,not_applicable,CD19,autologous CAR-T,adjacent_modality_anchor,adjacent_autoimmune,No Sjögren program confirmed,Phase 1/2 and registrational planning across autoimmune diseases,adjacent_activity_unconfirmed,2026-10-04,low,RESET trial family,US and global,Autoimmune-specific autologous CD19 platform including conditioning-free exploration,https://www.cabalettabio.com/investors/news-events/press-releases/detail/149/cabaletta-bio-announces-new-rese-cel-data-and-development,not_applicable,Company reset terminology is not an analyst immune-reset classification. Current adjacent registry activity is not verified in this package; excluded from verified-active counts.
A028,zolacabtagene autoleucel,"zola-cel; BMS-986353; CC-97540",Bristol Myers Squibb,not_applicable,CD19,autologous NEX-T CAR-T,adjacent_modality_anchor,adjacent_autoimmune,No Sjögren program confirmed,Phase 1 Breakfree-1 active,adjacent_active,2026-10-04,high,NCT05869955,global,"Large-company autologous CD19 benchmark with clinical adjacent-autoimmune data",https://news.bms.com/news/corporate-financial/2025/Bristol-Myers-Squibb-Presents-Encouraging-Data-from-Phase-1-Breakfree-1-Study-of-CD19-NEX-T-CAR-T-Cell-Therapy-in-Three-Chronic-Autoimmune-Diseases-at-ACR-Convergence-2025/default.aspx,https://clinicaltrials.gov/study/NCT05869955,"Sponsor efficacy and reset framing remain company interpretation."
A029,GC012F,not_reported,"AstraZeneca; Gracell",AstraZeneca acquired Gracell,CD19/BCMA,dual-target autologous FasTCAR-T,adjacent_modality_anchor,adjacent_autoimmune,No sponsor-confirmed Sjögren program,Phase 1/2 in refractory SLE,adjacent_active,2026-10-04,high,NCT05846347,China,"Dual B/plasma-cell autologous CAR-T anchor and ownership signal",https://www.astrazeneca.com/media-centre/press-releases/2024/acquisition-of-gracell-completed.html,https://www.astrazenecaclinicaltrials.com/study/D8313C00002/,"Some investigator-led dual-target trials include Sjögren but attribution to GC012F is not assumed without an explicit source."
A030,ALLO-329,not_reported,Allogene Therapeutics,not_applicable,CD19/CD70,allogeneic dual-CAR-T,adjacent_modality_anchor,adjacent_autoimmune,No Sjögren cohort confirmed,Phase 1 RESOLUTION recruiting,adjacent_active,2026-10-04,high,NCT07085104,US,"Purpose-built allogeneic autoimmune CAR-T benchmark with reduced-lymphodepletion hypothesis",https://ir.allogene.com/news-releases/news-release-details/allogene-therapeutics-announces-nature-communications/,https://clinicaltrials.gov/study/NCT07085104,"Adjacent activity is confirmed; Sjögren transfer remains indirect."
A031,CPTX2309,ABBV-619,"AbbVie; Capstan Therapeutics",AbbVie acquired Capstan,CD19,"CD8-targeted lipid-nanoparticle mRNA in-vivo CAR-T",adjacent_modality_anchor,adjacent_autoimmune,No Sjögren cohort confirmed,Phase 1 recruiting in RA and SLE,adjacent_active,2026-10-04,high,NCT06917742,Australia,"Leading nonviral in-vivo CD19 CAR program and major transaction signal",https://news.abbvie.com/2025-08-19-AbbVie-Completes-Acquisition-of-Capstan-Therapeutics,https://www.abbvieclinicaltrials.com/study/CPTX2309-01-01,"No Sjögren efficacy or tissue-reset conclusion is transferred from RA/SLE."
A032,ABO2203,not_reported,"Abogen Biosciences; Novartis",Novartis holds worldwide license,CD19xCD3,"LNP mRNA-encoded in-vivo T-cell engager",adjacent_transaction_anchor,adjacent_autoimmune,"Refractory-autoimmune trial includes Sjögren eligibility; no separable Sjögren result verified",Early clinical in refractory autoimmune disease and B-cell lymphoma,adjacent_active,2026-10-04,moderate,NCT06747156,China,"Decision-relevant mRNA TCE transaction and modality bridge between protein TCE and in-vivo expression",https://www.abogenbio.com/news/company/news2026/277.html,https://clinicaltrials.gov/study/NCT06747156,"License announcement was 2026-10-02 and is inside the cutoff; deal value is not treated as clinical validation."
A033,cizutamig,CND106,Candid Therapeutics,in-licensed program; originator details require transaction review,BCMAxCD3,bispecific T-cell engager,adjacent_modality_anchor,adjacent_autoimmune,No Sjögren cohort confirmed,Clinical autoimmune development,adjacent_activity_unconfirmed,2026-10-04,low,not_reported,global,Plasma-cell-directed TCE anchor for depth and immunoglobulin-risk assessment,https://www.sec.gov/Archives/edgar/data/1739410/000119312526084444/d108429dex992.htm,not_found,Exact autoimmune trial identifiers and indication cohorts require JHA-159/JHA-162 verification. Current adjacent registry activity is not verified in this package; excluded from verified-active counts.
A034,CND261,not_reported,Candid Therapeutics,in-licensed program; originator details require transaction review,CD20xCD3,bispecific T-cell engager,adjacent_modality_anchor,adjacent_autoimmune,No Sjögren cohort confirmed,Clinical autoimmune development,adjacent_activity_unconfirmed,2026-10-04,low,not_reported,global,CD20 TCE comparator for depth versus antibodies and CD19 TCEs,https://www.sec.gov/Archives/edgar/data/1739410/000119312526084444/d108429dex992.htm,not_found,Exact autoimmune trial identifiers and indication cohorts require JHA-159 verification. Current adjacent registry activity is not verified in this package; excluded from verified-active counts.
A035,daratumumab,Darzalex,Johnson & Johnson; Genmab,not_applicable,CD38,anti-CD38 monoclonal antibody,adjacent_modality_anchor,adjacent_autoimmune,Case-level refractory primary Sjögren evidence; no sponsor-led Sjögren program confirmed,Completed Phase 2 SLE study; current development intent unverified,adjacent_completed_status_unclear,2026-10-04,moderate,NCT04810754,Europe,Clinical plasma-cell-depletion benchmark and direct case-level Sjögren signal,https://www.nature.com/articles/s41467-026-69112-w,https://clinicaltrials.gov/study/NCT04810754,"Sjögren case evidence is not equivalent to a sponsor development program. Publication supports a historical adjacent benchmark, not verified current activity."
A036,mezagitamab,TAK-079,Takeda,not_applicable,CD38,anti-CD38 monoclonal antibody,adjacent_modality_anchor,adjacent_autoimmune,No Sjögren program confirmed,Phase 3 in ITP and IgA nephropathy,adjacent_activity_unconfirmed,2026-10-04,low,not_applicable,global,Purpose-built autoimmune anti-CD38 comparator for plasma-cell targeting,https://www.takeda.com/investors/events/shareholder-letter-2026/,not_found,No Sjögren-direct activity was found; inclusion is modality-based and indirect. Current adjacent registry activity is not verified in this package; excluded from verified-active counts.
A037,tibulizumab,ZB-106; LY3090106,Zura Bio,licensed from Eli Lilly,BAFF and IL-17A,tetravalent bispecific antibody,historical_and_adjacent,sjogren_direct,Sjögren study withdrawn; completed Phase 1 exposure reported,Phase 2 active in systemic sclerosis and hidradenitis suppurativa,adjacent_activity_unconfirmed,2026-10-04,low,NCT02614716; NCT04563195; NCT06843239,US and global,Preserves a direct BAFF/IL-17 benchmark while distinguishing current adjacent development,https://investors.zurabio.com/news-releases/news-release-details/zura-bio-exceeds-enrollment-target-both-hidradenitis-suppurativa,https://clinicaltrials.gov/study/NCT04563195,The withdrawn Sjögren trial is not described as an active Sjögren program; sponsor-reported adjacent activity applies only to the current systemic-sclerosis and hidradenitis programs. Current adjacent registry activity is not verified in this package; excluded from verified-active counts.
