status_event_id,asset_id,event_date,date_precision,event_type,reported_status,source_type,source_title,source_url,evidence_location,claim_type,confidence,analyst_handling
JHA-144-STA-0001,A001,2025-08-11,day,phase_3_readout,"Novartis reported both NEPTUNUS Phase 3 trials met their primary endpoint",company,"Novartis announces both ianalumab Phase III clinical trials met primary endpoint in patients with Sjögren's disease",https://www.novartis.com/news/media-releases/novartis-announces-both-ianalumab-phase-iii-clinical-trials-met-primary-endpoint-patients-sjogrens-disease,"headline and opening paragraph",company_interpretation,moderate,"Supports completed_advancing; efficacy magnitude requires independent review."
JHA-144-STA-0002,A001,2026-01-16,day,regulatory_designation,"FDA granted Breakthrough Therapy designation for ianalumab in Sjögren disease",company,"Novartis ianalumab receives FDA Breakthrough Therapy designation for Sjögren’s disease",https://www.novartis.com/news/media-releases/novartis-ianalumab-receives-fda-breakthrough-therapy-designation-sjogrens-disease,"headline and opening paragraph",fact,high,"Designation confirms regulatory engagement but is not approval."
JHA-144-STA-0003,A001,2026,year,registry_update,"Extension remained active and a glandular-predominant Phase 3 study was recruiting",registry,"Ianalumab Sjögren trial records",https://clinicaltrials.gov/study/NCT05985915,"overall status and study design fields",fact,high,"Current registry corroborates continuing clinical activity."
JHA-144-STA-0004,A002,2025-06,month,rights_transaction,"Vor Bio obtained exclusive telitacicept rights outside Greater China",company,"Vor Bio enters exclusive global license agreement with RemeGen",https://ir.vorbio.com/news-releases/news-release-details/vor-bio-enters-exclusive-global-license-agreement-remegen-late,"license territory paragraphs",fact,high,"Partner/territory recorded without implying clinical validation."
JHA-144-STA-0005,A002,2026-03,month,phase_3_start,"Vor Bio reported first patient dosing in the global Phase 3 Sjögren study",regulatory,"Vor Bio 2025 Form 10-K",https://www.sec.gov/Archives/edgar/data/1817229/000119312526130451/vor-20251231.htm,"telitacicept clinical-development section",fact,high,"Confirms global activity independently of registry status."
JHA-144-STA-0006,A002,2026-06-08,day,regulatory_approval,"China NMPA approved telitacicept for adult Sjögren disease",company,"Telitacicept receives NMPA approval for Sjögren disease in China",https://ir.vorbio.com/news-releases/news-release-details/telitacicept-receives-nmpa-approval-treatment-sjogrens-disease,"headline and opening paragraph",fact,high,"Approval is labeled China-specific."
JHA-144-STA-0007,A003,2026-09-22,day,phase_3_readout,"Amgen reported OASIZ 301 met its primary endpoint and OASIZ 303 remained underway",company,"Amgen announces positive topline Phase 3 results for dazodalibep",https://www.amgen.com/newsroom/press-releases/2026/09/amgen-announces-positive-topline-phase-3-results-for-dazodalibep-in-moderatetosevere-systemic-sjgrens-disease,"headline; first paragraph; development-program paragraph",company_interpretation,moderate,"Program activity is confirmed; topline efficacy remains sponsor interpretation."
JHA-144-STA-0008,A003,2026-01-08,day,registry_update,"OASIZ 303 was active-not-recruiting",registry,"NCT06245408 study record",https://clinicaltrials.gov/study/NCT06245408,"overall status; last update posted",fact,high,"Registry corroboration only; not sole proof of program activity."
JHA-144-STA-0009,A004,2026-06-03,day,phase_2_update,"J&J reported new DAHLIAS biomarker analyses and continuing Sjögren development",company,"Johnson & Johnson presents new data further reinforcing the role of nipocalimab in Sjögren disease",https://www.jnj.com/media-center/press-releases/johnson-johnson-presents-new-data-further-reinforcing-the-role-of-nipocalimab-in-lowering-the-autoantibodies-driving-sjogrens-disease,"headline; DAHLIAS description",company_interpretation,moderate,"Confirms sponsor commitment; efficacy statements remain company interpretation."
JHA-144-STA-0010,A004,2026,year,registry_update,"DAFFODIL Phase 3 was active",registry,"J&J study NCT06741969",https://clinicaltrials.jnj.com/en/study-detail/NCT06741969,"study title; phase; status",fact,high,"Supports confirmed_active."
JHA-144-STA-0011,A005,2026-08,month,company_pipeline_update,"argenx reported the UNITY Sjögren Phase 3 study ongoing with topline expected in 2H 2027",company,"argenx reports half year 2026 financial results",https://argenx.com/news/2026/press-release-3331862.html,"clinical milestones section",fact,high,"Supports confirmed_active."
JHA-144-STA-0012,A005,2026,year,registry_update,"UNITY Phase 3 was active-not-recruiting",registry,"NCT06684847 study record",https://clinicaltrials.gov/study/NCT06684847,"overall status and phase",fact,high,"Registry and sponsor evidence agree."
JHA-144-STA-0013,A006,2026-04-01,day,registry_update,"POETYK SjS-1 Phase 3 was active-not-recruiting",registry,"NCT05946941 study record",https://clinicaltrials.gov/study/NCT05946941,"overall status; last update posted",fact,high,"Current sponsor pipeline separately corroborates Phase 3 in progress."
JHA-144-STA-0014,A006,2026,year,company_pipeline_update,"BMS listed deucravacitinib in Sjögren disease as Phase 3 in progress",company,"Bristol Myers Squibb development pipeline",https://www.bms.com/research-and-development/pipeline.html,"Phase 3 in progress table",fact,high,"Supports confirmed_active."
JHA-144-STA-0015,A007,2026-03-16,day,registry_update,"EnVISage Phase 2 was updated and later displayed as active-not-recruiting",registry,"NCT06928142 study record",https://clinicaltrials.gov/study/NCT06928142,"overall status; last update fields",fact,high,"Otsuka trial site separately describes the study as ongoing."
JHA-144-STA-0016,A007,2026,year,sponsor_trial_update,"Otsuka described the sibeprenlimab Sjögren Phase 2 as ongoing",company,"Otsuka trial 417-201-00042",https://trials.otsuka-us.com/trials/417-201-00042,"trial status and protocol summary",fact,high,"Supports confirmed_active."
JHA-144-STA-0017,A008,2026-08,month,company_pipeline_update,"Immunovant stated Sjögren development timelines remained on track and the study was ongoing",company,"Immunovant quarter ended June 30 2026 update",https://www.immunovant.com/investors/news-events/press-releases/detail/85/immunovant-provides-corporate-updates-and-reports-financial,"clinical development bullets",fact,high,"Supports confirmed_active."
JHA-144-STA-0018,A008,2026-09-12,day,registry_update,"Canadian record linked NCT06979531 to an ongoing Phase 2b Sjögren study",regulatory,"Health Canada clinical trial 299999",https://recherche-essais-cliniques.canada.ca/en/clinical-trial/299999-primary-sjogren-s-syndrome-psjs,"official protocol title and NCT field",fact,high,"Corroborates program activity."
JHA-144-STA-0019,A009,2025-09-08,day,registry_update,"IBI355 Phase 1 Sjögren study was completed",registry,"NCT06484855 study record",https://clinicaltrials.gov/study/NCT06484855,"overall status and intervention",fact,high,"Study completion is separated from current program status."
JHA-144-STA-0020,A009,2026-07-14,day,rights_transaction,"Spero licensed ex-China rights to the Phase 2-ready anti-CD40L antibody IBI355/SP001",transaction,"Spero and Innovent announce exclusive IBI355 license",https://www.globenewswire.com/news-release/2026/07/14/3326657/0/en/spero-therapeutics-and-innovent-biologics-announce-exclusive-license-for-sp001-ibi355-a-phase-2-ready-third-generation-anti-cd40l-antibody.html,"headline and transaction summary",fact,high,"Supports completed_advancing; exact Phase 2 dosing start remains to be confirmed."
JHA-144-STA-0021,A010,2026-01-30,day,registry_update,"ESG206 Phase 2 Sjögren record was not yet recruiting",registry,"NCT07375524 study record",https://clinicaltrials.gov/study/NCT07375524,"overall status; sponsor; intervention",fact,high,"Kept registry_active_unconfirmed because dated sponsor confirmation of dosing was not found."
JHA-144-STA-0022,A011,2026,year,company_pipeline_update,"Cullinan listed CLN-978 in a global Phase 1 Sjögren study",company,"Cullinan Therapeutics pipeline",https://cullinantherapeutics.com/science/pipeline/,"CLN-978 program row",fact,high,"Supports confirmed_active."
JHA-144-STA-0023,A011,2026,year,registry_update,"OUTRACE Sjögren Phase 1 was recruiting",registry,"NCT07041099 study record",https://clinicaltrials.gov/study/NCT07041099,"overall status; phase; intervention",fact,high,"Registry and sponsor evidence agree."
JHA-144-STA-0024,A012,2026-10-02,day,registry_update,"CND319 first-in-human study included Sjögren and was recruiting",registry,"NCT07712939 study record",https://clinicaltrials.gov/study/NCT07712939,"overall status; conditions; intervention",fact,high,"Very recent record requires near-term re-verification."
JHA-144-STA-0025,A012,2026,year,company_pipeline_update,"Candid described CND319 as a CD19/CD20-targeting TCE entering first-in-human development",regulatory,"Candid merger registration statement exhibit",https://www.sec.gov/Archives/edgar/data/1739410/000119312526084444/d108429dex993.htm,"TCE portfolio description",fact,high,"Corroborates asset identity and corporate commitment."
JHA-144-STA-0026,A013,2026-10-01,day,company_data_update,"Artiva disclosed updated Sjögren data from ongoing AlloNK plus rituximab studies",company,"Artiva highlights updated AlloNK data in Sjögren disease at ISSjD 2026",https://investors.artivabio.com/News-and-Events/news/news-details/2026/Artiva-Biotherapeutics-Highlights-Updated-AlloNK-Data-in-Sjgren-Disease-Presented-at-the-17th-International-Symposium-on-Sjgrens-Disease-ISSjD-2026/default.aspx,"headline and study-description paragraphs",company_interpretation,moderate,"Confirms activity; efficacy and component attribution require independent review."
JHA-144-STA-0027,A013,2026,year,registry_update,"Company-sponsored Phase 2 basket study including Sjögren was recruiting",registry,"NCT06991114 study record",https://clinicaltrials.gov/study/NCT06991114,"overall status; conditions; intervention",fact,high,"Registry corroborates the active cohort."
JHA-144-STA-0028,A014,2026,year,registry_update,"CD19 or CD19-BCMA CAR-T study listing Sjögren was recruiting",registry,"NCT06548607 study record",https://clinicaltrials.gov/study/NCT06548607,"overall status; conditions; intervention",fact,moderate,"Registry-only activity call; product identity remains incomplete."
JHA-144-STA-0029,A015,2026,year,registry_update,"RD06-05 universal CD19/BCMA CAR-T Sjögren-eligible study was not yet recruiting",registry,"NCT07596680 study record",https://clinicaltrials.gov/study/NCT07596680,"overall status; intervention",fact,moderate,"Not treated as active dosing."
JHA-144-STA-0030,A016,2026,year,registry_update,"Universal anti-CD19 CAR-gamma-delta-T study listing Sjögren was recruiting",registry,"NCT06828042 study record",https://clinicaltrials.gov/study/NCT06828042,"overall status; conditions; intervention",fact,moderate,"Registry-led status only."
JHA-144-STA-0031,A017,2025,year,registry_update,"OL-CD19-GDT Phase 1 study in systemic sclerosis and primary Sjögren was recruiting",registry,"NCT07167537 study record",https://clinicaltrials.gov/study/NCT07167537,"overall status; conditions; intervention",fact,moderate,"Registry-led status only."
JHA-144-STA-0032,A018,2025,year,registry_update,"Anti-CD19 IL-10/IL-15 CAR-NK study listing Sjögren was recruiting",registry,"NCT06614270 study record",https://clinicaltrials.gov/study/NCT06614270,"overall status; conditions; intervention",fact,moderate,"Registry-led status only."
JHA-144-STA-0033,A019,2024,year,registry_update,"UTAA09 study listed unknown status and a planned 2025 completion",registry,"NCT06361745 study record",https://clinicaltrials.gov/study/NCT06361745,"overall status; completion date; intervention",fact,high,"Explicitly classified unclear rather than active or discontinued."
JHA-144-STA-0034,A020,2025,year,registry_update,"Rituximab Sjögren trials were completed",registry,"NCT00740948 study record",https://clinicaltrials.gov/study/NCT00740948,"overall status and study design",fact,high,"Historical benchmark only; no current sponsor-led Sjögren program inferred."
JHA-144-STA-0035,A021,2021,year,registry_update,"Belimumab and rituximab co-administration Phase 2 completed",registry,"NCT02631538 study record",https://clinicaltrials.gov/study/NCT02631538,"overall status; interventions",fact,high,"Completion does not establish ongoing development."
JHA-144-STA-0036,A022,2024,year,publication,"TWINSS Phase 2b iscalimab results were published and the trial was complete",peer_reviewed,"Safety and efficacy of subcutaneous iscalimab in Sjögren disease",https://pubmed.ncbi.nlm.nih.gov/39096929/,"abstract; trial registration statement",fact,high,"Current indication-level intent remains not found."
JHA-144-STA-0037,A023,2023,year,trial_termination,"Remibrutinib Sjögren Phase 2 was terminated after Part 1; no Part 2 was entered",peer_reviewed,"Efficacy and safety of remibrutinib in Sjögren syndrome",https://pmc.ncbi.nlm.nih.gov/articles/PMC10894844/,"methods and discussion of sponsor decision",fact,high,"Molecule remains active in other indications; only Sjögren study/program status is classified."
JHA-144-STA-0038,A024,2024,year,trial_termination,"MHV370 Sjögren/MCTD Phase 2 was terminated",registry,"NCT04988087 record history",https://clinicaltrials.gov/study/NCT04988087?tab=history,"overall status",fact,high,"Reason remains not reported in this package."
JHA-144-STA-0039,A025,2026-05-06,day,trial_termination,"HZN-1116 Phase 2 was terminated after predefined futility criteria",registry,"NCT06312020 study record",https://clinicaltrials.gov/study/NCT06312020,"overall status; why stopped field",fact,high,"Retained as a direct negative development signal."
JHA-144-STA-0040,A026,2026-06-03,day,adjacent_program_update,"Kyverna reported ongoing Phase 1/2 miv-cel development in refractory rheumatoid arthritis",company,"Kyverna highlights updated miv-cel data at EULAR 2026",https://ir.kyvernatx.com/news-releases/news-release-details/kyverna-therapeutics-highlights-updated-miv-cel-data-eular,"headline and study description",company_interpretation,moderate,"Activity is confirmed; evidence remains indirect for Sjögren."
JHA-144-STA-0041,A027,2026-06-03,day,adjacent_program_update,"Cabaletta reported ongoing rese-cel programs and registrational planning",company,"Cabaletta announces new rese-cel data and development updates at EULAR 2026",https://www.cabalettabio.com/investors/news-events/press-releases/detail/149/cabaletta-bio-announces-new-rese-cel-data-and-development,"development-update bullets",company_interpretation,moderate,"Activity is confirmed; reset claims require D-T-O-R adjudication."
JHA-144-STA-0042,A028,2025-10,month,adjacent_program_update,"BMS reported Breakfree-1 data across SSc, SLE and inflammatory myopathy",company,"BMS presents encouraging data from Phase 1 Breakfree-1",https://news.bms.com/news/corporate-financial/2025/Bristol-Myers-Squibb-Presents-Encouraging-Data-from-Phase-1-Breakfree-1-Study-of-CD19-NEX-T-CAR-T-Cell-Therapy-in-Three-Chronic-Autoimmune-Diseases-at-ACR-Convergence-2025/default.aspx,"opening paragraphs",company_interpretation,moderate,"Confirms adjacent clinical activity."
JHA-144-STA-0043,A029,2024-02-22,day,ownership_transaction,"AstraZeneca completed the acquisition of Gracell and GC012F",company,"Acquisition of Gracell completed",https://www.astrazeneca.com/media-centre/press-releases/2024/acquisition-of-gracell-completed.html,"headline and GC012F description",fact,high,"Ownership is confirmed; no Sjögren program is inferred."
JHA-144-STA-0044,A029,2026,year,adjacent_program_update,"AstraZeneca/Gracell listed a Phase 1/2 GC012F study in refractory SLE",company,"AstraZeneca study D8313C00002",https://www.astrazenecaclinicaltrials.com/study/D8313C00002/,"official title and phase",fact,high,"Adjacent active."
JHA-144-STA-0045,A030,2026-04-15,day,adjacent_program_update,"Allogene reported the Phase 1 RESOLUTION autoimmune basket trial actively enrolling",company,"Allogene announces ALLO-329 Nature Communications publication",https://ir.allogene.com/news-releases/news-release-details/allogene-therapeutics-announces-nature-communications/,"headline bullets",fact,high,"Adjacent active; no Sjögren cohort confirmed."
JHA-144-STA-0046,A031,2025-08-19,day,ownership_transaction,"AbbVie completed the acquisition of Capstan including CPTX2309",company,"AbbVie completes acquisition of Capstan Therapeutics",https://news.abbvie.com/2025-08-19-AbbVie-Completes-Acquisition-of-Capstan-Therapeutics,"headline and asset paragraph",fact,high,"Ownership and Phase 1 status confirmed."
JHA-144-STA-0047,A031,2026-07-14,day,registry_update,"CPTX2309 Phase 1 in healthy volunteers, RA and SLE was recruiting",registry,"NCT06917742 study record",https://clinicaltrials.gov/study/NCT06917742,"overall status; conditions; intervention",fact,high,"Adjacent active."
JHA-144-STA-0048,A032,2026-10-02,day,rights_transaction,"Abogen granted Novartis a worldwide ABO2203 license and described the mRNA-encoded CD19xCD3 autoimmune program",transaction,"Abogen announces licensing and option agreement with Novartis",https://www.abogenbio.com/news/company/news2026/277.html,"headline and opening paragraphs",company_interpretation,moderate,"Inside cutoff; deal is a commitment signal, not proof of efficacy."
JHA-144-STA-0049,A033,2026,year,adjacent_program_update,"Candid described cizutamig as a clinical BCMA TCE for autoimmune disease",regulatory,"Candid transaction presentation",https://www.sec.gov/Archives/edgar/data/1739410/000119312526084444/d108429dex992.htm,"autoimmune TCE pipeline slide",fact,moderate,"Exact trial IDs remain a gap."
JHA-144-STA-0050,A034,2026,year,adjacent_program_update,"Candid described CND261 as a clinical CD20 TCE for autoimmune disease",regulatory,"Candid transaction presentation",https://www.sec.gov/Archives/edgar/data/1739410/000119312526084444/d108429dex992.htm,"autoimmune TCE pipeline slide",fact,moderate,"Exact trial IDs remain a gap."
JHA-144-STA-0051,A035,2026,year,adjacent_publication,"A Phase 2 SLE study of daratumumab was published",peer_reviewed,"Daratumumab in systemic lupus erythematosus: a single-arm Phase 2 trial",https://www.nature.com/articles/s41467-026-69112-w,"abstract and methods",fact,high,"Adjacent evidence only; direct Sjögren evidence is case-level."
JHA-144-STA-0052,A036,2026,year,company_pipeline_update,"Takeda reported Phase 3 mezagitamab programs in IgA nephropathy and ITP",company,"Takeda CEO shareholder letter 2026",https://www.takeda.com/investors/events/shareholder-letter-2026/,"pipeline milestones section",fact,high,"Adjacent active; no Sjögren program confirmed."
JHA-144-STA-0053,A037,2022-01-12,day,trial_withdrawal,"The planned tibulizumab Sjögren study NCT04563195 was withdrawn",registry,"NCT04563195 study record",https://clinicaltrials.gov/study/NCT04563195,"overall status",fact,high,"Not treated as an active Sjögren program."
JHA-144-STA-0054,A037,2026,year,adjacent_program_update,"Zura reported tibulizumab Phase 2 programs active in systemic sclerosis and hidradenitis suppurativa",company,"Zura exceeds enrollment target in tibulizumab Phase 2 studies",https://investors.zurabio.com/news-releases/news-release-details/zura-bio-exceeds-enrollment-target-both-hidradenitis-suppurativa,"program-status paragraphs",fact,high,"Current adjacent activity is distinguished from withdrawn Sjögren study."
JHA-144-STA-0055,A035,2023-09,month,direct_case_publication,"A peer-reviewed report described two refractory primary Sjögren cases treated with daratumumab",peer_reviewed,"Efficacy of daratumumab in refractory primary Sjögren disease",https://pubmed.ncbi.nlm.nih.gov/37730313/,"title and case report",fact,high,"Case evidence is direct but does not establish a sponsor-led development program."
