claim_id,parent_claim_id,claim_text,claim_type,evidence_status,evidence_directness,disease_relevance,source_id,source_type,source_title,source_publisher,source_url,publication_date,publication_date_precision,access_date,evidence_location,quoted_evidence,analyst_interpretation,contradiction_id,contradiction_summary,contradiction_resolution,confidence,verification_state,verified_by,verified_date,next_review_date,reverification_trigger,geography,population,denominator,intervention,comparator,outcome,timepoint,notes
JHA-146-CLM-0001,,"The 2016 primary Sjögren classification uses a weighted score of at least 4, subject to entry and exclusion conditions.",fact,positive,direct,sjogren_direct,JHA-146-S1,peer_reviewed,2016 ACR-EULAR Classification Criteria for primary Sjögren’s Syndrome: A Consensus and Data-Driven Methodology Involving Three International Patient Cohorts,Arthritis & Rheumatology,https://pmc.ncbi.nlm.nih.gov/articles/PMC5650478/,2017-01,month,2026-10-06,Original Table 3 indexed excerpt; full-text access blocked,score ≥ 4,,,,,low,draft,,,,Original full-text retrieval; distinct second review; correction or source update before downstream release,International,International criteria-development cohorts,not_applicable,not_applicable,not_applicable,Classification; not clinical diagnosis,Cross-sectional measurement; not a treatment outcome,"High impact for G1/G2/G6. Working evidence only; not approved. See segmentation_verification_jha_146.md for access, provenance, independence and release limits. Date is source publication precision, not data cutoff."
JHA-146-CLM-0002,,The Johns Hopkins summary explicitly distinguishes classification criteria from a stand-alone diagnosis.,fact,positive,direct,sjogren_direct,JHA-146-S6,other_public,2016 American College of Rheumatology/European League Against Rheumatism Diagnostic Criteria,Johns Hopkins Sjögren’s Center,https://www.hopkinssjogrens.org/disease-information/diagnosis-sjogrens-disease/2016-american-college-of-rheumatology-acr-and-european-league-against-rheumatism-eular/,not_reported,not_reported,2026-10-06,Criteria list and Important paragraph,not a stand-alone diagnosis,,,,,moderate,source_checked,Codex,2026-10-06,,Original full-text retrieval; distinct second review; correction or source update before downstream release,US educational source,Clinical/research classification educational summary,not_applicable,not_applicable,not_applicable,Classification versus diagnosis,Cross-sectional measurement; not a treatment outcome,"High impact for G1/G2/G6. Working evidence only; not approved. See segmentation_verification_jha_146.md for access, provenance, independence and release limits. Date is source publication precision, not data cutoff."
JHA-146-CLM-0003,,"The activity-state study defines ESSDAI low <5, moderate 5–13 and high ≥14.",fact,positive,direct,sjogren_direct,JHA-146-S2,peer_reviewed,Defining disease activity states and clinically meaningful improvement in primary Sjögren’s syndrome with ESSDAI and ESSPRI,Annals of the Rheumatic Diseases; author record at UMC Utrecht,https://researchinformation.umcutrecht.nl/en/publications/defining-disease-activity-states-and-clinically-meaningful-improv/,2016-02,month,2026-10-06,Author-hosted abstract: Methods and Results,"Low-activity (ESSDAI<5), moderate-activity (5≤ESSDAI≤13) and high-activity (ESSDAI≥14)",,,,,moderate,source_checked,Codex,2026-10-06,,Original full-text retrieval; distinct second review; correction or source update before downstream release,International; country mix not verified,790 primary Sjögren participants in two prospective cohorts,n=790 primary Sjögren participants across two prospective cohorts,not_applicable,not_applicable,Systemic activity state,Cross-sectional measurement; not a treatment outcome,"High impact for G1/G2/G6. Working evidence only; not approved. See segmentation_verification_jha_146.md for access, provenance, independence and release limits. Date is source publication precision, not data cutoff."
JHA-146-CLM-0004,,The same study defines patient-acceptable symptom state as ESSPRI <5.,fact,positive,direct,sjogren_direct,JHA-146-S2,peer_reviewed,Defining disease activity states and clinically meaningful improvement in primary Sjögren’s syndrome with ESSDAI and ESSPRI,Annals of the Rheumatic Diseases; author record at UMC Utrecht,https://researchinformation.umcutrecht.nl/en/publications/defining-disease-activity-states-and-clinically-meaningful-improv/,2016-02,month,2026-10-06,Author-hosted abstract: Methods and Results,ESSPRI<5 points,,,,,moderate,source_checked,Codex,2026-10-06,,Original full-text retrieval; distinct second review; correction or source update before downstream release,International; country mix not verified,790 primary Sjögren participants in two prospective cohorts,n=790 primary Sjögren participants across two prospective cohorts,not_applicable,not_applicable,Patient-acceptable symptom state,Cross-sectional measurement; not a treatment outcome,"High impact for G1/G2/G6. Working evidence only; not approved. See segmentation_verification_jha_146.md for access, provenance, independence and release limits. Date is source publication precision, not data cutoff."
JHA-146-CLM-0005,,ESSDAI guidance separates persistent damage from current activity.,fact,positive,direct,sjogren_direct,JHA-146-S3,peer_reviewed,EULAR Sjögren’s syndrome disease activity index (ESSDAI): a user guide,RMD Open,https://pmc.ncbi.nlm.nih.gov/articles/PMC4613159/,2015,year,2026-10-06,Indexed user-guide text; full-text access blocked,damage,,,,,low,draft,,,,Original full-text retrieval; distinct second review; correction or source update before downstream release,International,Sjögren ESSDAI users; methodological guide,not_applicable,not_applicable,not_applicable,Activity attribution; damage separation,Cross-sectional measurement; not a treatment outcome,"High impact for G1/G2/G6. Working evidence only; not approved. See segmentation_verification_jha_146.md for access, provenance, independence and release limits. Date is source publication precision, not data cutoff."
JHA-146-CLM-0006,,"The BSR guideline identifies low complement, gland enlargement, lymphadenopathy, cryoglobulinaemia and monoclonal gammopathy among lymphoma risk predictors.",fact,positive,direct,sjogren_direct,JHA-146-S4,guideline,British Society for Rheumatology guideline on management of adult and juvenile onset Sjögren disease,Rheumatology; British Society for Rheumatology,https://academic.oup.com/rheumatology/article/64/2/409/7645909,2024-04-16,day,2026-10-06,Full guideline section 4a; publication history,Low C3/C4,,,,,moderate,source_checked,Codex,2026-10-06,,Original full-text retrieval; distinct second review; correction or source update before downstream release,UK guidance; underlying studies heterogeneous,Adult and juvenile Sjögren; cited lymphoma studies primarily adult primary disease,not_applicable,not_applicable,not_applicable,Lymphoma risk; not generalized severity,Cross-sectional measurement; not a treatment outcome,"High impact for G1/G2/G6. Working evidence only; not approved. See segmentation_verification_jha_146.md for access, provenance, independence and release limits. Date is source publication precision, not data cutoff."
JHA-146-CLM-0007,,"The symptom-stratification study reports four symptom groups in UKPSSR, with validation in France and Norway.",fact,positive,direct,sjogren_direct,JHA-146-S5,peer_reviewed,Symptom-based stratification of patients with primary Sjögren’s syndrome: multi-dimensional characterisation of international observational cohorts and reanalyses of randomised clinical trials,The Lancet Rheumatology; author record at UCL Discovery,https://discovery.ucl.ac.uk/id/eprint/10116947/,2019,year,2026-10-06,Author-hosted abstract: Methods and Findings,four subgroups,,,,,moderate,source_checked,Codex,2026-10-06,,Original full-text retrieval; distinct second review; correction or source update before downstream release,UK; France; Norway,UKPSSR n=608; France/Norway validation n=396,n=608 UKPSSR derivation; n=396 France/Norway validation,not_applicable,not_applicable,Symptom groups,Cross-sectional measurement; not a treatment outcome,"High impact for G1/G2/G6. Working evidence only; not approved. See segmentation_verification_jha_146.md for access, provenance, independence and release limits. Date is source publication precision, not data cutoff."
JHA-146-CLM-0008,,The reported treatment subgroup findings derive from reanalysis of existing hydroxychloroquine and rituximab trials.,fact,positive,direct,sjogren_direct,JHA-146-S5,peer_reviewed,Symptom-based stratification of patients with primary Sjögren’s syndrome: multi-dimensional characterisation of international observational cohorts and reanalyses of randomised clinical trials,The Lancet Rheumatology; author record at UCL Discovery,https://discovery.ucl.ac.uk/id/eprint/10116947/,2019,year,2026-10-06,Author-hosted abstract: Methods and Findings,Reanalysis of trial data,,,,,moderate,source_checked,Codex,2026-10-06,,Original full-text retrieval; distinct second review; correction or source update before downstream release,UK; France; Norway,UKPSSR n=608; France/Norway validation n=396,not_applicable,not_applicable,not_applicable,Exploratory treatment-response association,Cross-sectional measurement; not a treatment outcome,"High impact for G1/G2/G6. Working evidence only; not approved. See segmentation_verification_jha_146.md for access, provenance, independence and release limits. Date is source publication precision, not data cutoff."
JHA-146-CLM-0009,JHA-146-CLM-0003,Use systemic activity and symptom burden as separate axes in the decision map.,analyst_inference,not_applicable,indirect,sjogren_direct,JHA-146-S2,peer_reviewed,Defining disease activity states and clinically meaningful improvement in primary Sjögren’s syndrome with ESSDAI and ESSPRI,Annals of the Rheumatic Diseases; author record at UMC Utrecht,https://researchinformation.umcutrecht.nl/en/publications/defining-disease-activity-states-and-clinically-meaningful-improv/,2016-02,month,2026-10-06,Author-hosted abstract: Methods and Results,,Based on JHA-146-CLM-0003 and JHA-146-CLM-0004: distinct measurement constructs support a cross-tab rather than a single combined severity score. Operational proposal; no estimated segment shares.,,,,low,source_checked,Codex,2026-10-06,,Original full-text retrieval; distinct second review; correction or source update before downstream release,International; country mix not verified,790 primary Sjögren participants in two prospective cohorts,not_applicable,not_applicable,not_applicable,Patient segmentation,Cross-sectional measurement; not a treatment outcome,"High impact for G1/G2/G6. Working evidence only; not approved. See segmentation_verification_jha_146.md for access, provenance, independence and release limits. Date is source publication precision, not data cutoff."
JHA-146-CLM-0010,JHA-146-CLM-0006,Keep lymphoma-risk flags separate from the active organ-threatening segment.,analyst_inference,not_applicable,indirect,sjogren_direct,JHA-146-S4,guideline,British Society for Rheumatology guideline on management of adult and juvenile onset Sjögren disease,Rheumatology; British Society for Rheumatology,https://academic.oup.com/rheumatology/article/64/2/409/7645909,2024-04-16,day,2026-10-06,Full guideline section 4a; publication history,,"Based on JHA-146-CLM-0006: prognostic associations do not define current organ severity or prove reset response. Proposed portfolio safeguard, not a validated risk calculator.",,,,low,source_checked,Codex,2026-10-06,,Original full-text retrieval; distinct second review; correction or source update before downstream release,UK guidance; underlying studies heterogeneous,Adult and juvenile Sjögren; cited lymphoma studies primarily adult primary disease,not_applicable,not_applicable,not_applicable,Patient segmentation,Cross-sectional measurement; not a treatment outcome,"High impact for G1/G2/G6. Working evidence only; not approved. See segmentation_verification_jha_146.md for access, provenance, independence and release limits. Date is source publication precision, not data cutoff."
JHA-146-CLM-0011,JHA-146-CLM-0008,Treat symptom/biomarker enrichment as a prospective hypothesis rather than a validated treatment selection rule.,analyst_inference,not_applicable,indirect,sjogren_direct,JHA-146-S5,peer_reviewed,Symptom-based stratification of patients with primary Sjögren’s syndrome: multi-dimensional characterisation of international observational cohorts and reanalyses of randomised clinical trials,The Lancet Rheumatology; author record at UCL Discovery,https://discovery.ucl.ac.uk/id/eprint/10116947/,2019,year,2026-10-06,Author-hosted abstract: Methods and Findings,,Based on JHA-146-CLM-0007 and JHA-146-CLM-0008. Geographic transfer to US and new-modality prediction are indirect; require prospective treatment-by-biomarker interaction validation.,,,,low,source_checked,Codex,2026-10-06,,Original full-text retrieval; distinct second review; correction or source update before downstream release,UK; France; Norway,UKPSSR n=608; France/Norway validation n=396,not_applicable,not_applicable,not_applicable,Patient segmentation,Cross-sectional measurement; not a treatment outcome,"High impact for G1/G2/G6. Working evidence only; not approved. See segmentation_verification_jha_146.md for access, provenance, independence and release limits. Date is source publication precision, not data cutoff."
