mapping_id,claim_id,artifact_id,artifact_type,artifact_version,artifact_section,artifact_anchor,mapping_status,notes
JHA-146-MAP-0001,JHA-146-CLM-0001,patient_segments_jha_146.csv,table,v0.1,SEG-01,SEG-01,active,Working draft mapping; claim approval pending.
JHA-146-MAP-0002,JHA-146-CLM-0003,patient_segments_jha_146.csv,table,v0.1,SEG-01,SEG-01,active,Working draft mapping; claim approval pending.
JHA-146-MAP-0003,JHA-146-CLM-0009,patient_segments_jha_146.csv,table,v0.1,SEG-01,SEG-01,active,Working draft mapping; claim approval pending.
JHA-146-MAP-0004,JHA-146-CLM-0003,patient_segments_jha_146.csv,table,v0.1,SEG-02,SEG-02,active,Working draft mapping; claim approval pending.
JHA-146-MAP-0005,JHA-146-CLM-0004,patient_segments_jha_146.csv,table,v0.1,SEG-02,SEG-02,active,Working draft mapping; claim approval pending.
JHA-146-MAP-0006,JHA-146-CLM-0009,patient_segments_jha_146.csv,table,v0.1,SEG-02,SEG-02,active,Working draft mapping; claim approval pending.
JHA-146-MAP-0007,JHA-146-CLM-0003,patient_segments_jha_146.csv,table,v0.1,SEG-03,SEG-03,active,Working draft mapping; claim approval pending.
JHA-146-MAP-0008,JHA-146-CLM-0005,patient_segments_jha_146.csv,table,v0.1,SEG-03,SEG-03,active,Working draft mapping; claim approval pending.
JHA-146-MAP-0009,JHA-146-CLM-0003,patient_segments_jha_146.csv,table,v0.1,SEG-04,SEG-04,active,Working draft mapping; claim approval pending.
JHA-146-MAP-0010,JHA-146-CLM-0005,patient_segments_jha_146.csv,table,v0.1,SEG-04,SEG-04,active,Working draft mapping; claim approval pending.
JHA-146-MAP-0011,JHA-146-CLM-0005,patient_segments_jha_146.csv,table,v0.1,SEG-05,SEG-05,active,Working draft mapping; claim approval pending.
JHA-146-MAP-0012,JHA-146-CLM-0009,patient_segments_jha_146.csv,table,v0.1,SEG-05,SEG-05,active,Working draft mapping; claim approval pending.
JHA-146-MAP-0013,JHA-146-CLM-0003,patient_segments_jha_146.csv,table,v0.1,SEG-06,SEG-06,active,Working draft mapping; claim approval pending.
JHA-146-MAP-0014,JHA-146-CLM-0009,patient_segments_jha_146.csv,table,v0.1,SEG-06,SEG-06,active,Working draft mapping; claim approval pending.
JHA-146-MAP-0015,JHA-146-CLM-0009,patient_segments_jha_146.csv,table,v0.1,SEG-07,SEG-07,active,Working draft mapping; claim approval pending.
JHA-146-MAP-0016,JHA-146-CLM-0002,patient_segments_jha_146.csv,table,v0.1,SEG-08,SEG-08,active,Working draft mapping; claim approval pending.
JHA-146-MAP-0017,JHA-146-CLM-0001,patient_segments_jha_146.csv,table,v0.1,SEG-09,SEG-09,active,Working draft mapping; claim approval pending.
JHA-146-MAP-0018,JHA-146-CLM-0002,patient_segments_jha_146.csv,table,v0.1,SEG-09,SEG-09,active,Working draft mapping; claim approval pending.
JHA-146-MAP-0019,JHA-146-CLM-0001,segmentation_variables_jha_146.csv,table,v0.1,VAR-01,VAR-01,active,Working draft mapping; claim approval pending.
JHA-146-MAP-0020,JHA-146-CLM-0002,segmentation_variables_jha_146.csv,table,v0.1,VAR-01,VAR-01,active,Working draft mapping; claim approval pending.
JHA-146-MAP-0021,JHA-146-CLM-0001,segmentation_variables_jha_146.csv,table,v0.1,VAR-02,VAR-02,active,Working draft mapping; claim approval pending.
JHA-146-MAP-0022,JHA-146-CLM-0002,segmentation_variables_jha_146.csv,table,v0.1,VAR-02,VAR-02,active,Working draft mapping; claim approval pending.
JHA-146-MAP-0023,JHA-146-CLM-0003,segmentation_variables_jha_146.csv,table,v0.1,VAR-03,VAR-03,active,Working draft mapping; claim approval pending.
JHA-146-MAP-0024,JHA-146-CLM-0005,segmentation_variables_jha_146.csv,table,v0.1,VAR-04,VAR-04,active,Working draft mapping; claim approval pending.
JHA-146-MAP-0025,JHA-146-CLM-0004,segmentation_variables_jha_146.csv,table,v0.1,VAR-05,VAR-05,active,Working draft mapping; claim approval pending.
JHA-146-MAP-0026,JHA-146-CLM-0001,segmentation_variables_jha_146.csv,table,v0.1,VAR-06,VAR-06,active,Working draft mapping; claim approval pending.
JHA-146-MAP-0027,JHA-146-CLM-0001,segmentation_variables_jha_146.csv,table,v0.1,VAR-07,VAR-07,active,Working draft mapping; claim approval pending.
JHA-146-MAP-0028,JHA-146-CLM-0002,segmentation_variables_jha_146.csv,table,v0.1,VAR-08,VAR-08,active,Working draft mapping; claim approval pending.
JHA-146-MAP-0029,JHA-146-CLM-0005,segmentation_variables_jha_146.csv,table,v0.1,VAR-09,VAR-09,active,Working draft mapping; claim approval pending.
JHA-146-MAP-0030,JHA-146-CLM-0009,segmentation_variables_jha_146.csv,table,v0.1,VAR-10,VAR-10,active,Working draft mapping; claim approval pending.
JHA-146-MAP-0031,JHA-146-CLM-0001,segmentation_variables_jha_146.csv,table,v0.1,VAR-11,VAR-11,active,Working draft mapping; claim approval pending.
JHA-146-MAP-0032,JHA-146-CLM-0011,segmentation_variables_jha_146.csv,table,v0.1,VAR-12,VAR-12,active,Working draft mapping; claim approval pending.
JHA-146-MAP-0033,JHA-146-CLM-0006,segmentation_variables_jha_146.csv,table,v0.1,VAR-13,VAR-13,active,Working draft mapping; claim approval pending.
JHA-146-MAP-0034,JHA-146-CLM-0009,segmentation_variables_jha_146.csv,table,v0.1,VAR-14,VAR-14,active,Working draft mapping; claim approval pending.
JHA-146-MAP-0035,JHA-146-CLM-0009,segmentation_variables_jha_146.csv,table,v0.1,VAR-15,VAR-15,active,Working draft mapping; claim approval pending.
JHA-146-MAP-0036,JHA-146-CLM-0011,biomarker_hypotheses_jha_146.csv,table,v0.1,HYP-01,HYP-01,active,Working draft mapping; claim approval pending.
JHA-146-MAP-0037,JHA-146-CLM-0012,biomarker_hypotheses_jha_146.csv,table,v0.1,HYP-02,HYP-02,active,Working draft mapping; claim approval pending.
JHA-146-MAP-0038,JHA-146-CLM-0013,biomarker_hypotheses_jha_146.csv,table,v0.1,HYP-03,HYP-03,active,Working draft mapping; claim approval pending.
JHA-146-MAP-0039,JHA-146-CLM-0011,biomarker_hypotheses_jha_146.csv,table,v0.1,HYP-04,HYP-04,active,Working draft mapping; claim approval pending.
JHA-146-MAP-0040,JHA-146-CLM-0001,patient_segmentation_framework.md,framework,v0.1,1-population-and-diagnosis-gates,1-population-and-diagnosis-gates,active,Working draft mapping; claim approval pending.
JHA-146-MAP-0041,JHA-146-CLM-0002,patient_segmentation_framework.md,framework,v0.1,1-population-and-diagnosis-gates,1-population-and-diagnosis-gates,active,Working draft mapping; claim approval pending.
JHA-146-MAP-0042,JHA-146-CLM-0003,patient_segmentation_framework.md,framework,v0.1,activity-and-symptoms,activity-and-symptoms,active,Working draft mapping; claim approval pending.
JHA-146-MAP-0043,JHA-146-CLM-0004,patient_segmentation_framework.md,framework,v0.1,activity-and-symptoms,activity-and-symptoms,active,Working draft mapping; claim approval pending.
JHA-146-MAP-0044,JHA-146-CLM-0009,patient_segmentation_framework.md,framework,v0.1,activity-and-symptoms,activity-and-symptoms,active,Working draft mapping; claim approval pending.
JHA-146-MAP-0045,JHA-146-CLM-0001,patient_segmentation_framework.md,framework,v0.1,glandular-function-and-history,glandular-function-and-history,active,Working draft mapping; claim approval pending.
JHA-146-MAP-0046,JHA-146-CLM-0009,patient_segmentation_framework.md,framework,v0.1,glandular-function-and-history,glandular-function-and-history,active,Working draft mapping; claim approval pending.
JHA-146-MAP-0047,JHA-146-CLM-0005,patient_segmentation_framework.md,framework,v0.1,organ-involvement-and-severe-systemic-disease,organ-involvement-and-severe-systemic-disease,active,Working draft mapping; claim approval pending.
JHA-146-MAP-0048,JHA-146-CLM-0009,patient_segmentation_framework.md,framework,v0.1,organ-involvement-and-severe-systemic-disease,organ-involvement-and-severe-systemic-disease,active,Working draft mapping; claim approval pending.
JHA-146-MAP-0049,JHA-146-CLM-0006,patient_segmentation_framework.md,framework,v0.1,biomarkers-lymphoma-and-treatment-feasibility,biomarkers-lymphoma-and-treatment-feasibility,active,Working draft mapping; claim approval pending.
JHA-146-MAP-0050,JHA-146-CLM-0009,patient_segmentation_framework.md,framework,v0.1,biomarkers-lymphoma-and-treatment-feasibility,biomarkers-lymphoma-and-treatment-feasibility,active,Working draft mapping; claim approval pending.
JHA-146-MAP-0051,JHA-146-CLM-0010,patient_segmentation_framework.md,framework,v0.1,biomarkers-lymphoma-and-treatment-feasibility,biomarkers-lymphoma-and-treatment-feasibility,active,Working draft mapping; claim approval pending.
JHA-146-MAP-0052,JHA-146-CLM-0011,patient_segmentation_framework.md,framework,v0.1,biomarkers-lymphoma-and-treatment-feasibility,biomarkers-lymphoma-and-treatment-feasibility,active,Working draft mapping; claim approval pending.
JHA-146-MAP-0053,JHA-146-CLM-0003,patient_segmentation_framework.md,framework,v0.1,3-segment-dictionary-and-overlaps,3-segment-dictionary-and-overlaps,active,Working draft mapping; claim approval pending.
JHA-146-MAP-0054,JHA-146-CLM-0004,patient_segmentation_framework.md,framework,v0.1,3-segment-dictionary-and-overlaps,3-segment-dictionary-and-overlaps,active,Working draft mapping; claim approval pending.
JHA-146-MAP-0055,JHA-146-CLM-0009,patient_segmentation_framework.md,framework,v0.1,3-segment-dictionary-and-overlaps,3-segment-dictionary-and-overlaps,active,Working draft mapping; claim approval pending.
JHA-146-MAP-0056,JHA-146-CLM-0009,patient_segmentation_framework.md,framework,v0.1,4-counting-rules-for-jha-148167,4-counting-rules-for-jha-148167,active,Working draft mapping; claim approval pending.
JHA-146-MAP-0057,JHA-146-CLM-0009,patient_segmentation_framework.md,framework,v0.1,5-measurement-and-commercial-interface,5-measurement-and-commercial-interface,active,Working draft mapping; claim approval pending.
JHA-146-MAP-0058,JHA-146-CLM-0007,patient_segmentation_framework.md,framework,v0.1,6-enrichment-hypotheses-and-falsification,6-enrichment-hypotheses-and-falsification,active,Working draft mapping; claim approval pending.
JHA-146-MAP-0059,JHA-146-CLM-0008,patient_segmentation_framework.md,framework,v0.1,6-enrichment-hypotheses-and-falsification,6-enrichment-hypotheses-and-falsification,active,Working draft mapping; claim approval pending.
JHA-146-MAP-0060,JHA-146-CLM-0011,patient_segmentation_framework.md,framework,v0.1,6-enrichment-hypotheses-and-falsification,6-enrichment-hypotheses-and-falsification,active,Working draft mapping; claim approval pending.
JHA-146-MAP-0061,JHA-146-CLM-0001,segmentation_verification_jha_146.md,verification_record,v0.1,source-access-families-and-quality,source-access-families-and-quality,active,Working draft mapping; claim approval pending.
JHA-146-MAP-0062,JHA-146-CLM-0002,segmentation_verification_jha_146.md,verification_record,v0.1,source-access-families-and-quality,source-access-families-and-quality,active,Working draft mapping; claim approval pending.
JHA-146-MAP-0063,JHA-146-CLM-0003,segmentation_verification_jha_146.md,verification_record,v0.1,source-access-families-and-quality,source-access-families-and-quality,active,Working draft mapping; claim approval pending.
JHA-146-MAP-0064,JHA-146-CLM-0004,segmentation_verification_jha_146.md,verification_record,v0.1,source-access-families-and-quality,source-access-families-and-quality,active,Working draft mapping; claim approval pending.
JHA-146-MAP-0065,JHA-146-CLM-0005,segmentation_verification_jha_146.md,verification_record,v0.1,source-access-families-and-quality,source-access-families-and-quality,active,Working draft mapping; claim approval pending.
JHA-146-MAP-0066,JHA-146-CLM-0006,segmentation_verification_jha_146.md,verification_record,v0.1,source-access-families-and-quality,source-access-families-and-quality,active,Working draft mapping; claim approval pending.
JHA-146-MAP-0067,JHA-146-CLM-0007,segmentation_verification_jha_146.md,verification_record,v0.1,source-access-families-and-quality,source-access-families-and-quality,active,Working draft mapping; claim approval pending.
JHA-146-MAP-0068,JHA-146-CLM-0008,segmentation_verification_jha_146.md,verification_record,v0.1,source-access-families-and-quality,source-access-families-and-quality,active,Working draft mapping; claim approval pending.
JHA-146-MAP-0069,JHA-146-CLM-0009,segmentation_verification_jha_146.md,verification_record,v0.1,inference-and-contradiction-controls,inference-and-contradiction-controls,active,Working draft mapping; claim approval pending.
JHA-146-MAP-0070,JHA-146-CLM-0010,segmentation_verification_jha_146.md,verification_record,v0.1,inference-and-contradiction-controls,inference-and-contradiction-controls,active,Working draft mapping; claim approval pending.
JHA-146-MAP-0071,JHA-146-CLM-0011,segmentation_verification_jha_146.md,verification_record,v0.1,inference-and-contradiction-controls,inference-and-contradiction-controls,active,Working draft mapping; claim approval pending.
JHA-146-MAP-0072,JHA-146-CLM-0012,patient_segmentation_framework.md,framework,v0.1,6-enrichment-hypotheses-and-falsification,6-enrichment-hypotheses-and-falsification,active,Working draft hypothesis-specific mapping; predictive validity and claim approval pending.
JHA-146-MAP-0073,JHA-146-CLM-0012,segmentation_verification_jha_146.md,verification_record,v0.1,inference-and-contradiction-controls,inference-and-contradiction-controls,active,Working draft hypothesis-specific mapping; predictive validity and claim approval pending.
JHA-146-MAP-0074,JHA-146-CLM-0012,segmentation_gaps_jha_146.csv,table,v0.1,GAP-08,GAP-08,active,Working draft hypothesis-specific mapping; predictive validity and claim approval pending.
JHA-146-MAP-0075,JHA-146-CLM-0013,patient_segmentation_framework.md,framework,v0.1,6-enrichment-hypotheses-and-falsification,6-enrichment-hypotheses-and-falsification,active,Working draft hypothesis-specific mapping; predictive validity and claim approval pending.
JHA-146-MAP-0076,JHA-146-CLM-0013,segmentation_verification_jha_146.md,verification_record,v0.1,inference-and-contradiction-controls,inference-and-contradiction-controls,active,Working draft hypothesis-specific mapping; predictive validity and claim approval pending.
JHA-146-MAP-0077,JHA-146-CLM-0013,segmentation_gaps_jha_146.csv,table,v0.1,GAP-09,GAP-09,active,Working draft hypothesis-specific mapping; predictive validity and claim approval pending.
