segment_id,segment_name,population_gate,operational_rule,rule_type,overlap_rule,clinical_variables,trial_use,commercial_relevance,commercial_missingness,claim_ids,caveat
SEG-01,Glandular-dominant / low systemic activity,Diagnosed primary Sjögren,Objective ocular/oral involvement; ESSDAI <5; no current organ-threatening feature,Proposed composite using sourced activity boundary,May overlap SEG-02; may carry refractory/biomarker/lymphoma flags,ESSDAI domains; ESSPRI components; UWS/SWS separately; Schirmer/ocular staining,Glandular function plus patient-reported benefit; protocol-specific reserve requirement,Symptom burden may motivate development; intensive-treatment suitability requires separate evidence,not_evaluable,JHA-146-CLM-0001;JHA-146-CLM-0003;JHA-146-CLM-0009,Low activity does not prove absence of damage or early disease
SEG-02,High symptom burden / low systemic activity,Diagnosed primary Sjögren,ESSDAI <5 and ESSPRI ≥5; retain dryness/pain/fatigue components,Proposed cross-tab using sourced boundaries,May overlap SEG-01; fatigue/pain alone do not imply B-cell-driven activity,ESSDAI; ESSPRI; comorbidity and alternative symptom attribution,Patient-reported endpoint enrichment; objective function separately,Unmet need hypothesis; no assumed advanced-therapy eligible fraction,not_evaluable,JHA-146-CLM-0003;JHA-146-CLM-0004;JHA-146-CLM-0009,High ESSPRI is not high systemic activity
SEG-03,Moderate active systemic disease,Diagnosed primary Sjögren,ESSDAI 5–13; list active domains and attribution,Sourced activity band plus proposed operational recording,Can overlap biomarker/refractory flags; no lymphoma-risk substitution,ESSDAI total/domain; organ-specific function; ESSPRI separately,Systemic trial population; actual eligibility from each protocol,Potential advanced-therapy population; delivery/access separate,not_evaluable,JHA-146-CLM-0003;JHA-146-CLM-0005,Biological/glandular domain contribution alone does not establish organ threat
SEG-04,High active systemic disease,Diagnosed primary Sjögren,ESSDAI ≥14; list active domains and attribution,Sourced activity band plus proposed operational recording,May overlap SEG-05; high total does not automatically mean organ-threatening,ESSDAI total/domain; organ function; damage; safety context,High-activity stratum; preserve baseline treatment and follow-up,High need hypothesis; safety and reachability may reduce opportunity,not_evaluable,JHA-146-CLM-0003;JHA-146-CLM-0005,Total activity and organ-specific severity remain distinct
SEG-05,Active organ-threatening systemic disease,Diagnosed primary Sjögren,Named active Sjögren-attributed organ manifestation with documented threat to function/life; specialist or protocol adjudication,Analyst operational proposal; no universal numerical cutoff,Overlay on SEG-03/04 or other scores when organ evidence warrants; not a score-only bin,Organ diagnosis; severity; active inflammation versus damage; ESSDAI domain; current therapy,Organ-specific benefit and rescue rules; safety assessment,Referral-centre/development wedge hypothesis only,not_evaluable,JHA-146-CLM-0005;JHA-146-CLM-0009,Examples such as active pulmonary/renal/neurological disease require case-specific verification; no patient treatment recommendation
SEG-06,Low systemic activity without documented glandular predominance,Diagnosed primary Sjögren,ESSDAI <5; adequate glandular evaluation does not meet SEG-01 rule,Analyst residual bin,May overlap SEG-02; missing glandular data belongs in SEG-07 instead,ESSDAI; ESSPRI; glandular assessment; previous organ history,Residual low-activity population prevents forced sicca assignment,Separate from assumed therapy eligible population,not_evaluable,JHA-146-CLM-0003;JHA-146-CLM-0009,Inactive disease and historical damage require separate recording
SEG-07,Clinical phenotype incompletely evaluable,Diagnosed primary Sjögren,"Required activity, glandular or organ-threat evaluation unavailable",Analyst missingness bin,Retain known tags; never impute missing score as zero,Known measures plus reason for missingness,Report exclusions and evaluability denominator,No inferred fraction or advanced-therapy eligibility,not_evaluable,JHA-146-CLM-0009,Use not_reported/not_studied/not_evaluable at underlying field level
SEG-08,Associated / secondary Sjögren context,Source-defined associated/secondary Sjögren,Record coexisting autoimmune disease; source definition and attribution separately,Charter population stratum,Exclude from primary core denominator; allow explicit contextual comparisons,Underlying disease; Sjögren evidence; classification system; organ attribution,Only protocol-specific associated population evidence,Separate opportunity; do not pool or transfer primary estimates,not_evaluable,JHA-146-CLM-0002,Unclear primary/associated attribution is an unresolved population stratum
SEG-09,Undiagnosed / suspected disease funnel stratum,No established clinical diagnosis,Source-estimated undiagnosed disease or suspected sicca; distinguish these two states,Charter funnel stratum; not a clinical trial segment,Outside diagnosed core; suspicion alone does not count as confirmed disease,Source case definition; diagnosis pathway; classification evidence,Not current treatment-eligible denominator without diagnosis and protocol assessment,Diagnosis-conversion hypothesis for JHA-148,not_evaluable,JHA-146-CLM-0001;JHA-146-CLM-0002,No prevalence or conversion rate supplied; many causes of sicca are not Sjögren
