variable_id,axis,variable,measurement_rule,trial_role,commercial_role,claim_ids,missingness_rule
VAR-01,Population,primary_associated_status,Preserve source definition and coexisting disease; unclear stays unresolved,Eligibility definition,Core versus contextual denominator,JHA-146-CLM-0001;JHA-146-CLM-0002,Keep raw missingness reason; never impute absence/zero; source/date required
VAR-02,Diagnosis,diagnosis_and_classification,Record clinical diagnosis separately from criteria met/not met/not evaluable; criteria version,Entry conditions; not diagnostic replacement,Diagnosed versus suspected versus model-estimated undiagnosed,JHA-146-CLM-0001;JHA-146-CLM-0002,Keep raw missingness reason; never impute absence/zero; source/date required
VAR-03,Systemic activity,essdai_total,Raw score and assessment date; <5 / 5–13 / ≥14,Baseline enrichment and continuous change,Clinical phenotype only; not uptake,JHA-146-CLM-0003,Keep raw missingness reason; never impute absence/zero; source/date required
VAR-04,Organ involvement,essdai_domains,"Record active domains, attribution and domain severity",Domain response and confounding,Referral/monitoring needs; no price assumption,JHA-146-CLM-0005,Keep raw missingness reason; never impute absence/zero; source/date required
VAR-05,Symptom burden,esspri_total_components,Raw total and dryness/pain/fatigue; <5 acceptable / ≥5 unsatisfactory,Patient-reported outcomes,Patient burden separate from systemic severity,JHA-146-CLM-0004,Keep raw missingness reason; never impute absence/zero; source/date required
VAR-06,Glandular function,salivary_flow,UWS and SWS in mL/min separately; collection protocol/date; no interchange,Objective function and reserve,"Potential reversibility hypothesis, not demand estimate",JHA-146-CLM-0001,Keep raw missingness reason; never impute absence/zero; source/date required
VAR-07,Glandular function,ocular_tests,Schirmer mm/5min and ocular staining scale; record eye and protocol,Objective ocular outcome,Burden only; no eligibility extrapolation,JHA-146-CLM-0001,Keep raw missingness reason; never impute absence/zero; source/date required
VAR-08,Disease history,onset_diagnosis_duration,Symptom onset versus diagnosis date separately; no universal early cutoff,Protocol-specific duration stratification,Diagnosis delay for JHA-148,JHA-146-CLM-0002,Keep raw missingness reason; never impute absence/zero; source/date required
VAR-09,Damage,activity_vs_damage,Document historical fixed damage separately; low function does not itself prove irreversibility,Avoid attributing damage to active inflammation,Recoverable benefit hypothesis needs evidence,JHA-146-CLM-0005,Keep raw missingness reason; never impute absence/zero; source/date required
VAR-10,Treatment history,failure_and_refractoriness,"Agent, dose, duration, adherence, response, intolerance; no universal failure count",Protocol-specific refractory definition,Potential treated-to-eligible transition; source required,JHA-146-CLM-0009,Keep raw missingness reason; never impute absence/zero; source/date required
VAR-11,Biomarker,anti_SSA_Ro,Assay result and threshold; seronegative is not automatic exclusion from clinical disease,Criteria/enrichment distinction,No assumed biomarker market share,JHA-146-CLM-0001,Keep raw missingness reason; never impute absence/zero; source/date required
VAR-12,Biomarker,B_cell_activity_panel,IgG; RF; C3/C4; cryoglobulins; optional CXCL13/FLC; assay/timepoint/reference ranges,Exploratory enrichment; no validated reset-response cutoff,No biomarker-to-adoption conversion,JHA-146-CLM-0011,Keep raw missingness reason; never impute absence/zero; source/date required
VAR-13,Lymphoma risk,lymphoma_risk_flags,Risk factors plus persistent/new gland swelling; separate risk/suspected/confirmed status,Protocol-specific safety/evaluation; not efficacy enrichment,Separate haematology context; no Sjögren severity shortcut,JHA-146-CLM-0006,Keep raw missingness reason; never impute absence/zero; source/date required
VAR-14,Feasibility,intensive_therapy_eligibility,Protocol-specific infection history; IgG; comorbidity; conditioning/monitoring suitability; unknown if not assessed,Safety selection,Delivery-reachable fraction sourced separately,JHA-146-CLM-0009,Keep raw missingness reason; never impute absence/zero; source/date required
VAR-15,Commercial,geography_access_capacity,US and EU5 countries separately; source/date; specialist/site/reimbursement access,Recruitment geography,Delivery and payer constraints; no clinical inference,JHA-146-CLM-0009,Keep raw missingness reason; never impute absence/zero; source/date required
